first_element,second_element,fourth_element,seventh_element
01tel918,GB,ARS,in-for-resellers
10tel411,BE,ART,sip-trunking
11in1163,DE,ARU,geographic-number-hosting
2com348,NL,D06,carrier-voip
3star170,FR,D08,reseller-connect
42com9,AT,DT3,voice-line
8x8439,CH,C4230,ip-voice-line
a1int445,DK,B22,contact-centre
a3bc132,ES,EW0,reseller-voip-connect
a6tel490,IE,AP,cic-for-resellers
abalo30,IT,BWL,in-number-hosting
abcom727,PT,DHY,
abplu703,SE,DBV,
abzor585,CZ,DHZ,
acn1131,FI,DBA,
acone722,NO,DH9,
acris23,RO,DBO,
activ178,SK,DH2,
activ644,LU,DA8,
activ759,,DH0,
acula283,,DB1,
adame103,,DH7,
adamo016,,DBZ,
adamp224,,DH1,
adder915,,DBE,
adept222,,DHX,
adist707,,DZX,
adver017,,DA6,
aerte589,,DBI,
affin220,,DQT,
agraw250,,EMC,
airca728,,DH3,
airco389,,DBC,
airei882,,DH4,
albac609,,DBX,
aleja658,,DH5,
alexa258,,DBG,
algar243,,DH6,
alham775,,DBK,
aliba893,,DH8,
allco857,,DBM,
allia166,,E5A,
allia184,,BV6,
allop140,,BZ9,
altat648,,C6060,
alter197,,CA3,
alupa910,,C84,
amabo637,,C4G,
amiga478,,CYZ,
ampit206,,EB,
an-co91,,B2G,
anada293,,CHK,
andom256,,DEM,
andre685,,EPI,
annat480,,BGY,
antiu808,,EA,
aonli266,,CFU,
apari373,,DVJ,
apelb256,,CFT,
apfut608,,DG,
aql849,,EH,
arces936,,PAN,
arcet098,,BC3,
areav851,,BA0,
arkad870,,BK1,
arsen339,,AG9,
artel210,,FMK,
arvat14,,CI2,
arz211,,C4140,
ascen036,,BDA,
ascen100,,A5V,
aserg169,,BGH,
aspir819,,FKY,
astel225,,CMM,
astro205,,864,
astut160,,A1D,
atcal115,,FTS,
atiac252,,BR0,
atias676,,C1X,
atiun536,,C1Y,
atms1142,,C1Z,
atos515,,D91,
atsgr875,,BPD,
att131,,FTW,
auran901,,836,
auror84,,862,
avanc706,,845,
avant025,,EJD,
avati311,,D4H,
avaya13,,EJO,
avits265,,DZE,
avmin643,,D4V,
avyst367,,DTI,
awant430,,D4X,
axion746,,EJB,
b2you650,,D4J,
badis46,,D4S,
bandw170,,EFE,
barga951,,EPF,
batec866,,C4130,
bayte865,,DF4,
bbbel832,,5230,
belce697,,C5230,
belin208,,A5X,
benef803,,BML,
besha986,,ED9,
besti317,,FR1,
beyon271,,FMZ,
bifon663,,ET2,
bjtpa176,,AKJ,
blatz128,,E1R,
block673,,BFM,
blsco454,,AJL,
blue-107,,D4O,
blueb20,,D41,
bluep240,,AHC,
bluip049,,AR7,
bluso387,,NBA,
borde667,,BBW,
borwo476,,A0K,
brain670,,A0L,
breta162,,A0M,
brigh091,,BB2,
brita272,,EPQ,
broad326,,AH6,
bt211181,,A4J,
btshe442,,925,
budge296,,A0V,
byong236,,832,
bypho361,,AZD,
cable071,,BJN,
call-79,,958,
calle227,,AY1,
calli320,,CL4,
callm811,,B29,
calls473,,ASP,
calyx192,,B63,
cameo393,,AM8,
canne223,,ANA,
capit75,,931,
capro526,,A2U,
capst074,,912,
cashi053,,AEI,
catel314,,FSX,
cbd400,,FTN,
ccn11129,,FTK,
cdlan607,,FTI,
celia372,,FTF,
cellc164,,FTG,
centr292,,FTM,
centr420,,CPD,
centr70,,DSQ,
cetem313,,BTX,
cetsi787,,BTW,
chess247,,BYF,
chmur760,,BD3,
cirqu835,,AYX,
citym075,,DND,
cjsup466,,ERS,
clair926,,A9G,
clear516,,EFK,
cloud217,,EFO,
cloud230,,EFI,
cloud398,,EFG,
cloud668,,EGD,
cloud881,,EFM,
cmint170,,C5530,
cns11198,,AYO,
cnt1152,,AYU,
codep372,,AYP,
codin352,,AYR,
coinf189,,AU8,
colib888,,CO,
colla258,,DEI,
colt345,,BA2,
colta258,,BA7,
colts190,,969,
coltt068,,826,
colum109,,C4500,
comda224,,EFU,
comfl122,,AQJ,
comme21,,E73,
comme874,,AZ0,
commi093,,NBG,
comms243,,CHW,
commu87,,883,
comne12,,A8O,
comsa419,,AXG,
comsy116,,ACY,
comta104,,BNS,
comul793,,B2E,
comun216,,B11,
comun381,,C1V,
conci113,,DZT,
confe288,,PBC,
conne413,,AZL,
conse921,,FK5,
consu267,,ACH,
consu281,,AMK,
consu71,,AML,
consu765,,AMM,
conte155,,C18,
conve138,,CB1,
conve215,,FLL,
conve520,,FML,
coolw093,,BMA,
cores991,,FTR,
corio154,,FUY,
crevi233,,FVK,
crh072,,B3H,
cront627,,BNB,
cs1116,,BSK,
ctalk733,,BY1,
cwbit166,,BYJ,
czech289,,C08,
daisy274,,FBL,
daote821,,C5080,
dapat607,,C5750,
dasa886,,C9730,
data-101,,AKY,
ddway354,,AM4,
delin118,,AM5,
delti392,,AM6,
dente11,,BD4,
detew25,,C17,
deuts152,,CBD,
devop042,,FKU,
diabo241,,FMM,
diago237,,BLA,
dialo054,,FUW,
dialp220,,FVM,
diate352,,AS5,
didlo138,,B3I,
didww734,,BNC,
digam228,,BS8,
digic719,,BY2,
digic824,,BYT,
digit970,,C07,
disco278,,CAB,
diste135,,CEP,
djeba131,,EIJ,
dolea051,,FBK,
dolme171,,C5010,
doubl489,,C5760,
droni423,,FV9,
dtbel660,,FVG,
duket227,,DUD,
dunef134,,EMR,
dv02l398,,FK4,
easy-55,,B9N,
easyn857,,CFQ,
easyt832,,ADT,
ebay619,,CJ,
ebo192,,B3P,
echos513,,C19,
econo182,,CX0,
econo238,,MAE,
ecote2,,BKV,
edag950,,C0C,
edges155,,FU4,
eenfa484,,FV4,
egeo133,,A33,
egtec865,,A3L,
eis114,,B98,
elbac80,,BNT,
elitt726,,BS2,
elmue132,,BWB,
eloqu284,,BYS,
encom231,,BYX,
enrea582,,C05,
entra277,,CE8,
epart98,,CRH,
epite44,,D6Z,
epsil162,,DQG,
equan123,,E7K,
ergat046,,FBI,
ertlg348,,FMP,
escau355,,C0020,
eskel267,,C4020,
esker068,,C5030,
essen771,,C5780,
ether981,,C2C,
etoil599,,CXZ,
euro-36,,FMU,
euron349,,FMW,
europ581,,FVC,
eurov183,,FWD,
evere439,,B3J,
evolv612,,BND,
exact728,,BSL,
exapr184,,BYK,
excel117,,BYW,
excen907,,C00,
expon235,,CAD,
eyest396,,CB8,
faber931,,CUX,
fairy790,,FBU,
fcpte816,,C5070,
fctel150,,C5770,
fibra115,,847,
finar211,,A4P,
first58,,A4R,
flash047,,AB1,
flexf64,,AB3,
fluid779,,AYY,
fmpho269,,C2B,
folia194,,CBW,
folia919,,CBX,
fonic277,,FKV,
forte749,,FMO,
fourt247,,BK8,
freen165,,FUU,
frees248,,FV2,
futur193,,A3O,
futur312,,B3G,
g3-ne103,,BNE,
g9tel392,,BS3,
gaste282,,BWC,
gema-106,,BY3,
genba168,,BYN,
genes384,,C03,
getro741,,CSN,
gigab115,,E7A,
glemn658,,EII,
globa114,,FBJ,
globa196,,C4990,
globa280,,C5790,
globa574,,CT0,
globa968,,EMP,
gntel678,,EWS,
gobte217,,FK1,
goien056,,869,
googl425,,894,
gowir272,,A80,
green244,,A82,
greys144,,A8Y,
grnse819,,A8Z,
group258,,AB6,
grupo213,,AEC,
grupo285,,AEK,
gtcte925,,AEO,
gteqs256,,BWA,
gts298,,C2D,
gvtel617,,CDW,
hallo24,,FB3,
hallo32,,FQJ,
hd-te76,,BKX,
hecat241,,FU8,
herau318,,FVQ,
hexio440,,A30,
hfo1156,,A3N,
hifi1196,,B3K,
highc465,,B99,
htk11130,,BNF,
hubon769,,BS4,
hugot40,,BYL,
hyphe262,,BYV,
i2111120,,C06,
iberf006,,CUW,
iberi283,,DQH,
ibric340,,EIF,
icate069,,FBR,
iccom109,,C4980,
ictgl423,,C5800,
ictva930,,B9M,
idash488,,BNQ,
ideli961,,A4L,
idsin520,,A4N,
iliad573,,AJ2,
imago362,,AY0,
imexk294,,BXT,
in2co835,,C0S,
incli844,,C2N,
incom553,,EQK,
incon862,,FIU,
infol523,,FK0,
infom144,,FKT,
infor7,,FQK,
infra686,,BCI,
inget236,,BT5,
inici824,,FV7,
initv272,,FVA,
innit718,,A1Z,
innos674,,AS9,
innte070,,AZO,
inote888,,B3O,
insol489,,BGI,
intec726,,BMD,
integ072,,BS5,
intel177,,BV9,
intel667,,BYH,
inter116,,BYQ,
inter132,,C01,
inter217,,CAA,
inter358,,CDX,
inter447,,CEQ,
inter680,,CUV,
inter784,,DNN,
inter786,,FBT,
inter836,,FCA,
inter912,,C4960,
intou74,,C5090,
intra247,,C5730,
invas032,,C5740,
iovox403,,C5741,
ipacs218,,CB2,
ipany699,,CKK,
ipaus483,,CX1,
ipeva012,,CYD,
ipexi112,,FKW,
iphon237,,FMN,
ipinn195,,FRL,
ipint099,,FRM,
iplac966,,FU0,
iplin631,,FVS,
ipop933,,B3L,
ipset823,,BNU,
iptel199,,BSM,
iptel781,,BUT,
iptom494,,BYR,
ipvip155,,BYZ,
itaf635,,C1A,
itel2221,,DQE,
itk984,,EIG,
itplu831,,FBO,
its378,,C4970,
j2952,,C5810,
jacom190,,BTK,
jagua716,,BY7,
join840,,C2A,
juanp203,,CDV,
justn585,,FU2,
jycte360,,FVU,
kaysy119,,B3M,
kddi212,,BNG,
kente724,,BTB,
kette090,,BWD,
klimm833,,BY6,
knet-67,,C04,
konig139,,CAC,
konne230,,CB9,
konst575,,DQI,
kotel33,,EVC,
kpn771,,FBP,
kryst159,,C5020,
ktnet027,,C5820,
kuali676,,C28,
kwebb943,,CCC,
l3tel534,,DCH,
lasot241,,BLC,
least472,,DVW,
lebar332,,FUS,
lekio395,,FWE,
leoni919,,FWF,
level823,,A31,
lifta125,,B66,
lijus212,,BNH,
link756,,BOY,
linqu051,,BS6,
liveo295,,BY0,
logme225,,BYY,
loogi813,,C8Z,
loops325,,CEO,
ltste146,,CQK,
luxte83,,CVB,
lynot689,,D60,
m3stl374,,DQF,
macte860,,DZJ,
magne081,,FBS,
magra617,,C5040,
maken564,,C5830,
manif271,,CT1,
maser415,,ELE,
massr717,,EMQ,
massx311,,FHI,
masvo772,,C29,
mcxes147,,CBV,
mcxes174,,FLS,
medhu225,,FU6,
media172,,FVX,
media173,,A3J,
media234,,B2H,
media240,,BNI,
meeti899,,BSN,
megat218,,BY5,
menad315,,BYO,
merid278,,C09,
merit141,,EIH,
merku57,,FBQ,
messa308,,C5000,
messa678,,C5850,
miate929,,EMN,
micha791,,DTV,
micro110,,ATB,
micro752,,C0P,
minut279,,FMT,
mitel935,,FMV,
mixvo059,,FVE,
ml-ge43,,FWB,
mobiy379,,A35,
mobot119,,B3N,
mowat17,,BNJ,
mtel205,,BSO,
multi273,,BYP,
multi689,,BYU,
muyil210,,C02,
mytwe141,,CAE,
nanos204,,CS4,
naote742,,FBV,
neoco857,,C5060,
neopo174,,C5840,
neote757,,DTW,
net4y099,,EMO,
netcl406,,FK3,
netco303,,CI5,
netex958,,993,
netpl436,,985,
netvi994,,NAG,
netwo821,,NBE,
neutr279,,ASO,
newbt160,,BB8,
newen259,,CG3,
newsc175,,CPU,
newte197,,BMZ,
newvo732,,ABA,
newwa304,,B0,
nexbr978,,F0,
nexmo103,,FD,
nexti965,,01O,
nexto590,,01P,
nfon1126,,01Q,
ngc503,,DQ9,
ngcom549,,DRA,
nhm538,,DS5,
ninet262,,C14,
nltmb043,,C16,
noris102,,DY0,
norma291,,DO1,
norma858,,BVQ,
norvo006,,B00,
novab855,,B0Y,
novat655,,B0U,
nowoc298,,B0W,
noxte560,,BO5,
ntt1135,,BQY,
nttca219,,B02,
nueva246,,C5390,
numer137,,C5400,
numin89,,DRB,
nunsy328,,DON,
nuso201,,DOR,
nuwav169,,DOJ,
nxo848,,DOL,
ocean755,,DOX,
odige111,,DOZ,
oirte140,,DOH,
ojaat250,,DO4,
omkin93,,DOV,
one-p72,,DOT,
one2o121,,DOP,
oneso005,,AN,
onest013,,DU5,
onite709,,DVN,
ooma296,,DUZ,
openf422,,DVB,
openi730,,DU3,
openr110,,DU1,
opens229,,DUX,
opent179,,DV7,
opera29,,DOF,
opera399,,DTG,
optig332,,EA1,
optim161,,EKP,
optim874,,DVF,
optim97,,DU7,
orang212,,DVH,
orcad665,,DU9,
osima929,,C0H,
otele315,,D1W,
overb044,,AHO,
oxone978,,BTN,
pagof268,,CR8,
panop092,,EH4,
parit299,,EIL,
pasco755,,CXT,
pce1110,,FEK,
pcl643,,A8W,
pcmg912,,AKK,
peopl587,,C5460,
peter871,,APS,
pfalz49,,APT,
pgi138,,ABG,
phoen249,,A20,
pitec997,,A2Z,
plane218,,BHK,
plane61,,A1O,
plusl023,,CRE,
plusn568,,CQV,
plute394,,C0A,
premi160,,CP8,
premi537,,C1R,
prima1,,CRR,
prima636,,PBM,
primu50,,CQY,
profe209,,CQ1,
progr115,,CYV,
prome909,,CQT,
proso061,,CQX,
proso841,,CZ8,
prove63,,CYT,
proxi131,,C4080,
proye080,,CS,
proye408,,EW8,
proye436,,CAQ,
ptt115,,B9T,
ptts148,,C49,
purec235,,EHJ,
purei823,,B93,
purpl148,,C44,
px-te65,,EHG,
qmexn899,,B9U,
qonne865,,B97,
quant187,,B91,
quest222,,997,
radio107,,B9P,
raduc863,,C46,
raide001,,EHH,
rcbiz020,,B9Y,
rdiso468,,C47,
rebel540,,EHI,
recar844,,B9V,
redce637,,B95,
redel797,,C45,
redma629,,EHE,
redte810,,B9W,
redwo185,,C5A,
redwo96,,EHF,
regus290,,B9X,
remit92,,C3,
remme145,,946,
renec401,,BKZ,
reput376,,CFP,
reson385,,C7H,
retar904,,C7F,
reuni485,,BJU,
ridom150,,DFG,
riepe395,,DFH,
ringc658,,DFI,
ringr016,,DFJ,
rinke831,,E20,
river194,,FM7,
rocom088,,DT6,
roots160,,E2V,
rotel156,,EB3,
royst814,,866,
rsm960,,880,
runca134,,PBO,
saarb26,,EM3,
sabio118,,881,
sagem428,,FFI,
saiph204,,FE6,
saldu508,,FE0,
sbc11172,,EO6,
sbcos488,,FEY,
scbgl911,,FFG,
schwa19,,FE2,
schwa27,,FEM,
scipi900,,FEO,
sct11297,,FE4,
sdcid264,,FFE,
sdpte048,,FFC,
sears863,,FFA,
sedin213,,FE8,
seduc253,,A56,
sell-59,,XAB,
sensi549,,C7Y,
serin869,,A8R,
serve982,,A8S,
servi184,,PAH,
servi916,,B2I,
setel94,,C5L,
seter505,,EVP,
sewan612,,EVR,
shore097,,EWC,
sibel303,,EWA,
sicte95,,EV5,
silve922,,EVV,
simwo536,,EVT,
singu219,,EVZ,
sipal373,,EV1,
sipco077,,EWE,
sipte935,,EV7,
sipti762,,EV8,
siste168,,EVX,
siste245,,EV3,
sitel158,,895,
sixco669,,BM5,
sixto457,,CHR,
skyds314,,CHS,
smart128,,EZU,
smart160,,EWU,
smart38,,CL2,
smart469,,EPR,
smart482,,AP0,
smart852,,BOM,
smart938,,APJ,
solar229,,APZ,
soluc215,,AQY,
soluc994,,BOL,
somos728,,BQN,
sona765,,C93,
soyti363,,D1Z,
spain235,,DZV,
spant193,,BQP,
sparc60,,DXW,
speak417,,C3160,
spect111,,BZR,
sphin82,,BX1,
spino721,,C0K,
spiri118,,BZS,
sprin216,,BX3,
starc806,,EKZ,
starf097,,CHQ,
steus861,,FBD,
stic1133,,BU0,
stj325,,BZQ,
stnte937,,DTM,
stopt178,,BYA,
suedk15,,BZP,
sumin214,,BXX,
sunga90,,FD9,
sunny367,,FRQ,
surph207,,B13,
surt1179,,BUZ,
swift241,,D14,
syma853,,DPU,
symac152,,D12,
syncs639,,DPV,
synet266,,AQA,
syste284,,AY8,
talkd020,,NBO,
taskt005,,873,
tatac717,,DFP,
tconn959,,ABJ,
teamp108,,AKF,
tege1143,,AKE,
teged706,,EPU,
tekco571,,C0890,
telag047,,A0F,
telav883,,CV3,
telba616,,E2J,
telca3,,CV7,
telci838,,CXD,
telco090,,CV5,
telco861,,CXF,
telda16,,FQN,
telec170,,CV9,
telec188,,CXB,
telec205,,B6H,
telec456,,BU1,
telec459,,BVI,
telec505,,B6L,
telef184,,BV7,
telef39,,BV8,
telef482,,D46,
telef891,,D47,
telef943,,B6I,
teleg37,,BU3,
telem404,,B6M,
telen54,,BU9,
teleo259,,BVN,
telep473,,B6P,
teleq590,,BU2,
teles42,,BVJ,
teles51,,B6N,
telet231,,BU6,
telet762,,BVD,
telet843,,A1F,
telev303,,B6G,
telfy239,,BUU,
telin105,,B6Q,
telny701,,BU7,
telon465,,BVL,
telsa201,,B6J,
telvo972,,BVA,
telxl646,,BVO,
tenio239,,B6K,
terra506,,BU8,
testu198,,BVM,
testy567,,B6R,
tevit725,,B6S,
tfmne289,,BU5,
thall213,,BVK,
thelo254,,843,
thene542,,872,
thesm244,,E77,
thevo240,,EBZ,
think054,,E8B,
thinq510,,EB1,
thus1257,,E79,
timic167,,EBV,
tims444,,E8J,
tinkl647,,EBX,
tipic472,,CLE,
tispa712,,EDL,
titan224,,C5620,
titan62,,BW9,
tks710,,CBC,
tmmit094,,CBG,
tmsol158,,CCT,
toled151,,EKR,
topol838,,C4240,
total947,,CFS,
tpart566,,ED7,
tph1147,,PBK,
trans124,,AAK,
trans136,,BKH,
trans260,,BKI,
tribu149,,BKJ,
trser072,,BKK,
truph583,,BKL,
trust636,,BKM,
tsd1122,,ETH,
tsyst73,,EBT,
tsyst814,,EQY,
ttcco808,,909,
tucal476,,ABC,
tvita945,,D80,
twili251,,B9G,
ubiso664,,BQK,
ubune899,,BQL,
uhtec131,,BQM,
uktel304,,CGA,
ultra200,,CH2,
unico710,,CK3,
unire191,,984,
unite200,,CHT,
unive127,,CPL,
unive77,,A84,
unive944,,AD5,
uniwo258,,CPM,
upcsc730,,CPK,
updat683,,FM8,
urbis051,,ASA,
utgne767,,DEG,
vanco983,,EMY,
vc-wo88,,DCD,
veepe919,,EMX,
veloc711,,E1M,
ventu295,,D4N,
venus99,,EW6,
veriv824,,DX1,
verix780,,DNC,
veriz282,,BQE,
vete1226,,DL8,
viate285,,E6Q,
viavo403,,CVR,
vicab232,,CVS,
vicom372,,CVT,
victo66,,CVU,
vidal166,,EFW,
video726,,CRS,
viewt727,,CRT,
viroc261,,CMU,
viser338,,ASY,
vivac983,,DXV,
vnetw270,,B60,
vodaf69,,FVI,
voice208,,DXT,
voice283,,B6W,
voice411,,A32,
voice438,,942,
voip-86,,EIO,
voip4916,,EI4,
voipd251,,EIQ,
voipe143,,AB,
voipg179,,EI6,
voipi206,,EIS,
voipo172,,EIU,
voipt083,,EIW,
voiti256,,EI2,
volca176,,EIY,
vonag823,,EI0,
voux1199,,E5D,
voxcl818,,C4E,
voyan685,,C4F,
voyse547,,C5Z,
vozon528,,CAG,
vse-n28,,CAI,
waven255,,DTA,
wayam239,,B7B,
webgl522,,BZ4,
webhe289,,BLX,
weepe619,,C4820,
weiss376,,BEA,
welld055,,BA5,
westc305,,BA6,
whole910,,BRS,
wifib086,,D11,
wifib590,,CTZ,
wildi025,,C6H,
windt936,,CTX,
wipte472,,C6F,
wnt896,,D2U,
world85,,BTA,
wysiw225,,BLM,
xtrat265,,C6J,
yay583,,C6P,
yedte315,,D2S,
yours242,,CV1,
ypert81,,C6D,
yuute068,,XAA,
zefon189,,BDS,
zetel868,,D30,
zicon180,,E08,
zimoc148,,EZC,
zooml958,,BBN,
zoomv916,,BDU,
zoons003,,D34,
zoopa062,,E09,
zzzde825,,EZD,
zzzuk406,,CS0,
zzzzt501,,D32,
,,E06,
,,EY9,
,,EQP,
,,BZA,
,,BZV,
,,AAS,
,,A0,
,,A12,
,,AA,
,,AH1,
,,D0,
,,EE,
,,F2,
,,FE,
,,FF,
,,FY,
,,MAD,
,,ZM,
,,ZQ,
,,ZS,
,,ZT,
,,ZW,
,,ZX,
,,ZY,
,,ZZ,
,,A3E,
,,D3N,
,,E1A,
,,EZE,
,,ARQ,
,,AN6,
,,CSU,
,,E0Z,
,,EY4,
,,FJQ,
,,830,
,,850,
,,ASF,
,,ASE,
,,A3A,
,,D3A,
,,E00,
,,EY5,
,,FQC,
,,851,
,,A46,
,,A8I,
,,BKY,
,,A29,
,,D3G,
,,E2I,
,,EZF,
,,FRK,
,,800,
,,ASH,
,,ASZ,
,,DMP,
,,ANH,
,,D3J,
,,E07,
,,E0X,
,,EH0,
,,EH1,
,,EY3,
,,EZB,
,,FUQ,
,,AG7,
,,ASG,
,,E0W,
,,NNN,
,,CMS,
,,D3L,
,,E01,
,,EY6,
,,AG8,
,,EQU,
,,BBO,
,,AJC,
,,E02,
,,EY7,
,,AJB,
,,EQV,
,,FP8,
,,BY9,
,,TAA,
,,BDW,
,,D3E,
,,E1B,
,,EZG,
,,FQA,
,,CSW,
,,CSY,
,,EQW,
,,BBP,
,,CMQ,
,,CMT,
,,D3P,
,,E04,
,,EY8,
,,EQX,
,,FP6,
,,FUJ,
,,FT8,
,,FV5,
,,FUB,
,,FT9,
,,FUL,
,,C4K,
,,EPX,
,,EQN,
,,CUZ,
,,CUY,
,,EQO,
,,C42,
,,CU1,
,,EPW,
,,EQM,
,,C4D,
,,EY2,
,,C4A,
,,EQQ,
,,C35,
,,C3Z,
,,EPY,
,,EQR,
,,C55,
,,CUP,
,,EPZ,
,,EQS,
,,C5M,
,,CU4,
,,EPV,
,,C3T,
,,C54,
,,C4P,
,,C6A,
,,EQT,
,,C4T,
,,C39,
,,ADD,
,,AH0,
,,907,
,,ADY,
,,E2E,
,,E2G,
,,E2C,
,,E0,
,,DA,
,,DIY,
,,DIZ,
,,DI9,
,,DI6,
,,EXA,
,,DI0,
,,DI1,
,,DI2,
,,DI4,
,,DI3,
,,DIU,
,,DIV,
,,DIW,
,,DIX,
,,BMN,
,,CR9,
,,A9L,
,,BWH,
,,844,
,,919,
,,DC,
,,CPP,
,,B88,
,,CRP,
,,BKN,
,,BJ9,
,,CU7,
,,BOP,
,,980,
,,NBL,
,,927,
,,COX,
,,C36,
,,CXK,
,,817,
,,AJD,
,,AI3,
,,819,
,,BUG,
,,ACI,
,,921,
,,923,
,,865,
,,A34,
,,CSD,
,,BWX,
,,BC8,
,,888,
,,956,
,,FJF,
,,B7Z,
,,B71,
,,E5H,
,,B73,
,,ED1,
,,B8B,
,,B8A,
,,B75,
,,B77,
,,EXQ,
,,B7X,
,,EJM,
,,CUQ,
,,EXT,
,,B8E,
,,EXS,
,,B8D,
,,CUR,
,,B8C,
,,CHU,
,,B79,
,,EDZ,
,,B8F,
,,CUS,
,,CAN,
,,A88,
,,PBL,
,,AG5,
,,A05,
,,C5320,
,,E4I,
,,E4K,
,,E48,
,,DXQ,
,,E39,
,,E4D,
,,E4G,
,,AQF,
,,AUS,
,,AAA,
,,AAB,
,,PAR,
,,930,
,,C70,
,,CIZ,
,,CGE,
,,EL9,
,,CA,
,,E44,
,,APY,
,,BSU,
,,AOW,
,,CH6,
,,CZH,
,,AL5,
,,ALZ,
,,BSD,
,,AQ2,
,,CIH,
,,CIJ,
,,CIL,
,,FCC,
,,829,
,,A23,
,,CAS,
,,COB,
,,CYJ,
,,C0550,
,,802,
,,BGQ,
,,CES,
,,BUI,
,,BEP,
,,A3F,
,,A3G,
,,AM,
,,EI,
,,DQQ,
,,AAE,
,,A3P,
,,CKX,
,,CNG,
,,CPY,
,,CYC,
,,CO1,
,,CM9,
,,CKW,
,,CM7,
,,CNB,
,,CKY,
,,896,
,,ADU,
,,ADV,
,,ADW,
,,CA8,
,,CPR,
,,DCB,
,,CVV,
,,CVW,
,,DKJ,
,,CWX,
,,CWK,
,,DKL,
,,CWZ,
,,CWQ,
,,CWR,
,,CWU,
,,CWV,
,,DKM,
,,CWP,
,,CPA,
,,CPB,
,,CW1,
,,CWS,
,,CWT,
,,DKN,
,,CW5,
,,CWN,
,,DKO,
,,CW3,
,,D5C,
,,FKL,
,,CS8,
,,A1K,
,,BHP,
,,A0U,
,,AP7,
,,E7H,
,,BWE,
,,849,
,,A85,
,,A86,
,,PAK,
,,PBG,
,,CM3,
,,C0720,
,,CC3,
,,BBJ,
,,PBR,
,,A3R,
,,FOQ,
,,FOS,
,,FO2,
,,FOW,
,,FOU,
,,FOM,
,,FOI,
,,FOD,
,,FOE,
,,FBG,
,,FOG,
,,FO0,
,,FOK,
,,FOY,
,,FOO,
,,BWZ,
,,CIY,
,,FKQ,
,,A1J,
,,NBD,
,,A4T,
,,AS,
,,A5E,
,,A6P,
,,AMG,
,,BAI,
,,BB3,
,,BC2,
,,BKF,
,,BKG,
,,BC0,
,,BC1,
,,BHZ,
,,BJO,
,,BH3,
,,A8J,
,,A9K,
,,AHH,
,,BH1,
,,BQA,
,,ADB,
,,ALB,
,,ALD,
,,ALF,
,,ALH,
,,ALJ,
,,ALL,
,,ALN,
,,ALP,
,,ALS,
,,ALU,
,,A1U,
,,A2X,
,,A9J,
,,A9R,
,,A9S,
,,AE7,
,,AE8,
,,AP6,
,,BAJ,
,,BH0,
,,BMT,
,,A69,
,,BAK,
,,BJ4,
,,A3K,
,,AMF,
,,B3Q,
,,BH2,
,,BQU,
,,BRJ,
,,BTY,
,,DP0,
,,DP1,
,,DPW,
,,DPX,
,,DPY,
,,DPZ,
,,ADA,
,,C9Y,
,,CT3,
,,C9X,
,,CGI,
,,DXM,
,,CLP,
,,CWI,
,,CJZ,
,,CJ3,
,,CJ1,
,,CYP,
,,CF1,
,,PAL,
,,848,
,,A8,
,,A9,
,,AMA,
,,B1,
,,B6,
,,B8,
,,BK,
,,BM,
,,BN,
,,BT,
,,BU,
,,C1,
,,C7,
,,C8,
,,CH,
,,CM,
,,CN,
,,D2,
,,D5,
,,D7,
,,D8,
,,D55,
,,U1,
,,CK5,
,,NAH,
,,COL,
,,ED5,
,,ET0,
,,FM1,
,,903,
,,D2W,
,,D4D,
,,DZN,
,,D3C,
,,DST,
,,D9R,
,,D93,
,,EKM,
,,SAB,
,,CFN,
,,BXJ,
,,BYB,
,,BYC,
,,BYD,
,,CS3,
,,BXI,
,,E8Q,
,,C5B,
,,BR4,
,,B2C,
,,E5N,
,,ADX,
,,CEM,
,,933,
,,B4L,
,,AM9,
,,CFM,
,,AK0,
,,CEL,
,,BA1,
,,AZK,
,,NBJ,
,,F9,
,,DC3,
,,FC8,
,,FC4,
,,EL1,
,,FJ5,
,,FDA,
,,FC6,
,,FDG,
,,FPJ,
,,FC2,
,,E2,
,,ACD,
,,ACE,
,,BN4,
,,AZI,
,,B19,
,,C3V,
,,CEY,
,,C1T,
,,CJ5,
,,CEW,
,,CKJ,
,,CKG,
,,CEU,
,,CSH,
,,934,
,,B5B,
,,B8U,
,,B4H,
,,B39,
,,BRN,
,,BZX,
,,CTL,
,,B4F,
,,B48,
,,DEQ,
,,CSL,
,,D5A,
,,C5880,
,,C1W,
,,BD,
,,C5350,
,,C3250,
,,PAQ,
,,BJI,
,,D8P,
,,C25,
,,C2T,
,,C27,
,,C22,
,,EGR,
,,EWG,
,,EG5,
,,EDP,
,,EDR,
,,EG3,
,,EGT,
,,EDH,
,,EGV,
,,EGX,
,,EGZ,
,,EG1,
,,EG7,
,,CKP,
,,975,
,,250,
,,983,
,,B49,
,,B45,
,,BKT,
,,BNP,
,,B4A,
,,DJF,
,,BBY,
,,BKS,
,,BNO,
,,B43,
,,B46,
,,CAU,
,,EJ2,
,,B2R,
,,BZK,
,,EJ3,
,,EJW,
,,B2V,
,,BZO,
,,EJ6,
,,EJS,
,,B2T,
,,BZG,
,,EJ9,
,,B2N,
,,BZ2,
,,BZI,
,,EJ5,
,,BZ0,
,,BZE,
,,EKA,
,,DV6,
,,EJ7,
,,EJ1,
,,B2P,
,,BZM,
,,EJ8,
,,EJU,
,,DPP,
,,DNQ,
,,CQG,
,,A4Z,
,,E5L,
,,EIC,
,,C5200,
,,ET1,
,,A1V,
,,878,
,,A1W,
,,A42,
,,PAC,
,,A3S,
,,DI7,
,,BEW,
,,BEB,
,,825,
,,AH,
,,CKD,
,,C0493,
,,D8Y,
,,D8T,
,,E24,
,,E7J,
,,AD,
,,AY,
,,B3T,
,,B3V,
,,B3X,
,,B3Z,
,,B31,
,,B1P,
,,B33,
,,B35,
,,820,
,,A2V,
,,AZ4,
,,EES,
,,EEU,
,,EE5,
,,EE3,
,,EEQ,
,,EEM,
,,A9D,
,,BLD,
,,BLE,
,,905,
,,AA7,
,,ABF,
,,AFV,
,,EAM,
,,A9E,
,,BGO,
,,A9F,
,,BLF,
,,BLG,
,,EEK,
,,EEW,
,,EEI,
,,EEY,
,,EEO,
,,EE1,
,,821,
,,823,
,,932,
,,ACF,
,,827,
,,ASD,
,,CPI,
,,C5110,
,,E8E,
,,EL7,
,,FB9,
,,FPO,
,,EUC,
,,DML,
,,FRF,
,,FRG,
,,ASV,
,,C95,
,,CPT,
,,EAS,
,,DEK,
,,C1520,
,,C0X,
,,D5E,
,,BUK,
,,C0R,
,,D5G,
,,ACA,
,,ASQ,
,,C3460,
,,ABB,
,,AHL,
,,CZB,
,,E8X,
,,CQP,
,,E9H,
,,C3P,
,,E87,
,,AJF,
,,B2K,
,,CTV,
,,E89,
,,FAR,
,,CY7,
,,E8Z,
,,BM8,
,,BV2,
,,CBZ,
,,E81,
,,842,
,,BHU,
,,AZM,
,,NBH,
,,B4X,
,,BJ6,
,,CBP,
,,E9F,
,,BHV,
,,CQR,
,,E9Q,
,,CY9,
,,E85,
,,CPG,
,,E83,
,,C3N,
,,E9B,
,,C3R,
,,E9D,
,,CRB,
,,949,
,,972,
,,E0G,
,,E0H,
,,E0I,
,,EYD,
,,D62,
,,E0D,
,,E0E,
,,E0F,
,,EYL,
,,E0A,
,,E0B,
,,E0C,
,,EYG,
,,DGA,
,,EX8,
,,EX9,
,,EYA,
,,EYB,
,,E0M,
,,E0N,
,,E0O,
,,EYK,
,,DFZ,
,,EYN,
,,EZ7,
,,EZ8,
,,EZ9,
,,DF6,
,,E0Q,
,,E0R,
,,E0S,
,,EYO,
,,DFY,
,,EX5,
,,EX6,
,,EX7,
,,EXU,
,,DDW,
,,EYP,
,,EZ0,
,,EZY,
,,EZZ,
,,DFW,
,,EYE,
,,EZ1,
,,EZ2,
,,EZ3,
,,DFX,
,,EYQ,
,,EZV,
,,EZW,
,,EZX,
,,DF8,
,,EYM,
,,EZ4,
,,EZ5,
,,EZ6,
,,E0J,
,,E0K,
,,E0L,
,,EYI,
,,FHR,
,,FIA,
,,FIN,
,,FG7,
,,FH9,
,,FHS,
,,FIF,
,,FIG,
,,FIH,
,,FH7,
,,FHF,
,,FHT,
,,FH6,
,,FHD,
,,FHP,
,,DZQ,
,,FG1,
,,FH4,
,,FHV,
,,CSQ,
,,FGZ,
,,FH2,
,,FHW,
,,FID,
,,BLK,
,,CJA,
,,CXH,
,,FIC,
,,FII,
,,FIJ,
,,CXW,
,,FH1,
,,FH5,
,,FHB,
,,FHZ,
,,CSS,
,,FG5,
,,FH3,
,,FHX,
,,FH8,
,,FHH,
,,FHU,
,,DX9,
,,FG3,
,,FH0,
,,FHY,
,,DX8,
,,CKQ,
,,CKN,
,,DOD,
,,C1400,
,,C4040,
,,E9M,
,,E9W,
,,E8R,
,,E9V,
,,879,
,,886,
,,955,
,,BR6,
,,A3D,
,,EGF,
,,AHX,
,,AHP,
,,DFF,
,,E5B,
,,DFL,
,,A07,
,,BB5,
,,AY9,
,,C5570,
,,BAX,
,,BCA,
,,EKC,
,,EKJ,
,,D7D,
,,EKD,
,,D7F,
,,B1B,
,,B1D,
,,CO4,
,,B05,
,,B07,
,,B1J,
,,B09,
,,A14,
,,NAS,
,,D56,
,,D53,
,,D82,
,,A03,
,,846,
,,AZC,
,,AON,
,,EX4,
,,A2I,
,,CLR,
,,EM5,
,,EJ,
,,A1,
,,922,
,,898,
,,E16,
,,ABH,
,,CX7,
,,AK,
,,AOH,
,,AOI,
,,AQ,
,,AT,
,,AX,
,,AZ,
,,BE,
,,BF,
,,BP,
,,BR,
,,C2,
,,D4,
,,EGH,
,,EGI,
,,EGG,
,,C1760,
,,947,
,,B5M,
,,B5L,
,,NAU,
,,EH6,
,,CE,
,,DD,
,,C0543,
,,AL,
,,AC5,
,,AND,
,,CWB,
,,BF5,
,,BBT,
,,AFZ,
,,CH4,
,,DDM,
,,DD6,
,,CAO,
,,CNQ,
,,B7G,
,,C2H,
,,AC8,
,,C4870,
,,C5260,
,,C5270,
,,C5280,
,,C5290,
,,B27,
,,ELG,
,,EN5,
,,ELI,
,,EHQ,
,,E71,
,,EN1,
,,EHO,
,,E8V,
,,EHM,
,,EL3,
,,EN3,
,,EO4,
,,EL5,
,,E1K,
,,EXX,
,,CGC,
,,FRS,
,,EJQ,
,,AG1,
,,AGS,
,,AGZ,
,,AGY,
,,AG0,
,,DRO,
,,DN1,
,,DN8,
,,B4S,
,,C20,
,,DNU,
,,C5250,
,,DRV,
,,DC1,
,,DP3,
,,DLJ,
,,FQL,
,,C5160,
,,C5360,
,,DN3,
,,DRQ,
,,DNW,
,,DN5,
,,DNY,
,,BTO,
,,BUA,
,,CI8,
,,B4Z,
,,C2F,
,,U6,
,,APL,
,,877,
,,AHB,
,,D8W,
,,D8V,
,,EEC,
,,EEE,
,,BRL,
,,EWM,
,,CA5,
,,C0M,
,,DAD,
,,DGN,
,,AEJ,
,,ECR,
,,AFB,
,,D54,
,,B8S,
,,DCP,
,,EPS,
,,AHA,
,,EMV,
,,DYB,
,,C6540,
,,DY7,
,,EE7,
,,APM,
,,APN,
,,APO,
,,APP,
,,AME,
,,DQ8,
,,AL6,
,,AQ6,
,,FIS,
,,BUX,
,,A3U,
,,BDH,
,,BDI,
,,BDJ,
,,BDK,
,,BDL,
,,BUV,
,,BBX,
,,A3Z,
,,AZH,
,,BDM,
,,BDN,
,,BDO,
,,BDP,
,,BDQ,
,,A3Y,
,,A3M,
,,BFA,
,,BFB,
,,BFC,
,,BFD,
,,BFE,
,,BUW,
,,BBZ,
,,DL6,
,,DTQ,
,,E94,
,,E96,
,,E90,
,,FAA,
,,FEJ,
,,E92,
,,FAK,
,,BP4,
,,E98,
,,FEH,
,,BPQ,
,,ENZ,
,,FAO,
,,FED,
,,FAC,
,,FEF,
,,FAE,
,,FAG,
,,FAI,
,,FAM,
,,ABY,
,,CX3,
,,BJ1,
,,DIA,
,,DJC,
,,DID,
,,DIB,
,,DII,
,,DIC,
,,DEX,
,,DIE,
,,FVO,
,,DIF,
,,DIG,
,,DIH,
,,DJD,
,,E4Y,
,,BI5,
,,BI6,
,,BI7,
,,BI8,
,,BI9,
,,BJA,
,,BJB,
,,BJC,
,,BJD,
,,BJE,
,,E4X,
,,E4W,
,,E4V,
,,E42,
,,E4U,
,,E4Z,
,,E4M,
,,E4O,
,,E40,
,,E45,
,,E4Q,
,,E41,
,,E4S,
,,986,
,,FWH,
,,D7H,
,,NBS,
,,E5P,
,,AC2,
,,BMB,
,,AFQ,
,,AGA,
,,AGC,
,,AGG,
,,AGH,
,,AGI,
,,AGJ,
,,AGK,
,,AGL,
,,APD,
,,APF,
,,APH,
,,AQP,
,,BVY,
,,BVZ,
,,AE4,
,,APE,
,,APG,
,,API,
,,BB6,
,,EXH,
,,BVW,
,,BVX,
,,CFZ,
,,BUP,
,,BQW,
,,CBK,
,,CIA,
,,CVA,
,,CK7,
,,E62,
,,E8L,
,,BW5,
,,DCY,
,,PBP,
,,CE7,
,,808,
,,BQT,
,,BXQ,
,,BO9,
,,A0I,
,,FPH,
,,BHG,
,,A10,
,,C5890,
,,DD8,
,,DKZ,
,,B5I,
,,CT5,
,,CP9,
,,CQA,
,,B5D,
,,CFH,
,,C8W,
,,ATJ,
,,DZB,
,,ACO,
,,FA1,
,,FAZ,
,,BGK,
,,BZ7,
,,CPJ,
,,DCE,
,,DDU,
,,CFF,
,,BDG,
,,EFS,
,,935,
,,C4690,
,,CP0,
,,CID,
,,CP2,
,,CP4,
,,C0Z,
,,BHM,
,,C5470,
,,C5480,
,,BXZ,
,,D4F,
,,FR9,
,,C8F,
,,C8D,
,,C66,
,,C8T,
,,C8Y,
,,EPO,
,,DZI,
,,C8N,
,,C8J,
,,839,
,,DXL,
,,FPR,
,,A0S,
,,DKD,
,,D9J,
,,BUH,
,,AP5,
,,AP2,
,,CBS,
,,CBA,
,,AS1,
,,BDB,
,,868,
,,892,
,,952,
,,C4480,
,,C4210,
,,838,
,,945,
,,DXB,
,,D37,
,,C6,
,,FGC,
,,DN6,
,,DZO,
,,FFS,
,,A49,
,,AB9,
,,AG2,
,,AH4,
,,APU,
,,APV,
,,BA3,
,,BFS,
,,BQQ,
,,CS1,
,,CXU,
,,DAU,
,,DAW,
,,DCZ,
,,DGQ,
,,DMF,
,,EAT,
,,EHT,
,,FFY,
,,D8L,
,,EIA,
,,AN7,
,,AN8,
,,AN9,
,,AOA,
,,AR1,
,,AR6,
,,ARV,
,,BA8,
,,BAP,
,,BRX,
,,DMG,
,,EDD,
,,FLE,
,,FF0,
,,BT9,
,,EPG,
,,FGA,
,,AMW,
,,AMX,
,,AMY,
,,AMZ,
,,AR5,
,,ARX,
,,ARY,
,,DAY,
,,EH2,
,,FF2,
,,AM0,
,,AM1,
,,AM2,
,,AM3,
,,AY2,
,,BCJ,
,,BRP,
,,CC4,
,,DAX,
,,FK6,
,,FKO,
,,A4H,
,,A52,
,,AH3,
,,AL0,
,,AL1,
,,AL2,
,,AL3,
,,AL4,
,,AR4,
,,ARW,
,,BFW,
,,BOX,
,,BRY,
,,COV,
,,CS2,
,,FF8,
,,FFW,
,,A4S,
,,AMU,
,,AMV,
,,CTD,
,,DAZ,
,,FF6,
,,A3Q,
,,A8P,
,,A9Y,
,,AH2,
,,AH5,
,,AJG,
,,AJH,
,,AJI,
,,AJJ,
,,AJK,
,,AR2,
,,ARK,
,,BBF,
,,BBL,
,,BFT,
,,BRV,
,,D8A,
,,DAV,
,,DWV,
,,FMH,
,,FMI,
,,FFU,
,,EKE,
,,ETV,
,,FF4,
,,ETL,
,,PBH,
,,DKB,
,,D8X,
,,D8N,
,,BNY,
,,C1G,
,,BN0,
,,C31,
,,ENR,
,,BNW,
,,C3X,
,,E8G,
,,C5560,
,,E8P,
,,CFW,
,,CFY,
,,BGJ,
,,BGW,
,,BG1,
,,BGP,
,,BG0,
,,BN1,
,,BGD,
,,BGL,
,,CCX,
,,CB87,
,,BGR,
,,BG4,
,,BG3,
,,BG2,
,,CCU,
,,CCV,
,,CD5,
,,D1J,
,,DAM,
,,FN8,
,,FPN,
,,D27,
,,CAY,
,,CAZ,
,,FNU,
,,B7C,
,,B8K,
,,FNC,
,,FNS,
,,B8G,
,,B8L,
,,FNE,
,,CB5,
,,FNO,
,,CA1,
,,CA2,
,,FNG,
,,B8H,
,,B8M,
,,FNI,
,,CB3,
,,CC1,
,,CAX,
,,CMW,
,,FNW,
,,CAV,
,,CAW,
,,FNK,
,,B8I,
,,B8J,
,,FNA,
,,CNE,
,,FNQ,
,,CB4,
,,FNM,
,,C4,
,,891,
,,B41,
,,A8X,
,,CGW,
,,CF4,
,,EKY,
,,B0C,
,,EKX,
,,BJG,
,,DQB,
,,EKW,
,,BJF,
,,DQA,
,,CIB,
,,EKV,
,,BQC,
,,E5J,
,,E2O,
,,FPX,
,,FRJ,
,,E2Q,
,,E2L,
,,E2M,
,,E8N,
,,EVI,
,,EXM,
,,BLV,
,,BLQ,
,,PAD,
,,967,
,,CJS,
,,CJT,
,,DS2,
,,A9I,
,,CJR,
,,DOA,
,,ATP,
,,A3W,
,,C6X,
,,C6W,
,,C52,
,,C53,
,,EXJ,
,,EW4,
,,C6V,
,,C6U,
,,FD8,
,,FGD,
,,C6620,
,,CGZ,
,,CE2,
,,BPS,
,,BG6,
,,A2G,
,,BGT,
,,BAO,
,,APB,
,,BGZ,
,,BJY,
,,E6W,
,,EPD,
,,E69,
,,BCF,
,,A5H,
,,A5I,
,,A5J,
,,A5K,
,,A5L,
,,AI5,
,,BIU,
,,PAS,
,,BIV,
,,BIQ,
,,C2G,
,,BIW,
,,BME,
,,BIZ,
,,BIX,
,,NBC,
,,BIT,
,,BIP,
,,BIY,
,,CHH,
,,TAB,
,,CB53,
,,BI0,
,,BI1,
,,A1H,
,,AH8,
,,B5F,
,,C4290,
,,A08,
,,CFJ,
,,C5O,
,,A1S,
,,FTY,
,,D7L,
,,D7N,
,,D7P,
,,D7R,
,,D7T,
,,D7V,
,,D7X,
,,B0S,
,,D5S,
,,B26,
,,D7Z,
,,D75,
,,D77,
,,D79,
,,D8C,
,,EDN,
,,DJ4,
,,AKB,
,,NAK,
,,F8,
,,FCE,
,,FQ7,
,,FCP,
,,FCT,
,,FDC,
,,FCR,
,,DGE,
,,BLI,
,,BLH,
,,CUA,
,,CD9,
,,B57,
,,C88,
,,CEJ,
,,B6D,
,,C9G,
,,DA1,
,,CED,
,,B6F,
,,C9I,
,,CD8,
,,C9O,
,,B5Q,
,,CEA,
,,B59,
,,C9A,
,,FQ1,
,,FQ2,
,,CEI,
,,B6B,
,,C9C,
,,CD2,
,,B53,
,,C86,
,,CEE,
,,C9V,
,,CQ4,
,,B5N,
,,CEB,
,,C9M,
,,CYK,
,,B5P,
,,FQV,
,,FQW,
,,CEK,
,,B55,
,,C9E,
,,FQ4,
,,FQ5,
,,CD7,
,,C9K,
,,B5R,
,,CEC,
,,C9Q,
,,CYL,
,,B5O,
,,FQS,
,,FQT,
,,BBG,
,,ACS,
,,CLI,
,,CMC,
,,CN3,
,,CMG,
,,CN5,
,,CNJ,
,,DPD,
,,DPJ,
,,BSI,
,,CGT,
,,CNW,
,,DF1,
,,DNA,
,,CLK,
,,CME,
,,CO9,
,,BSY,
,,CL8,
,,CNY,
,,BVV,
,,CL6,
,,CMZ,
,,DTO,
,,DO9,
,,DPF,
,,CLM,
,,CN7,
,,CNL,
,,CGR,
,,CMA,
,,CN1,
,,DPB,
,,DPH,
,,EDV,
,,FQ8,
,,D1,
,,DTE,
,,840,
,,AZS,
,,822,
,,AI,
,,B0J,
,,B0F,
,,A22,
,,CCO,
,,A00,
,,BOD,
,,CY1,
,,BS1,
,,BE8,
,,DAI,
,,BMX,
,,ATO,
,,D7J,
,,CQM,
,,BIC,
,,DES,
,,BPK,
,,D43,
,,BPM,
,,DAK,
,,DMJ,
,,EWK,
,,CRG,
,,D9X,
,,CIM,
,,BKR,
,,COD,
,,CRJ,
,,ASS,
,,A0W,
,,ABM,
,,A41,
,,ASU,
,,CFA,
,,AST,
,,A3C,
,,EO7,
,,BGC,
,,915,
,,PAU,
,,CYE,
,,CCM,
,,BXR,
,,BX9,
,,CCI,
,,CCL,
,,CCJ,
,,CCK,
,,CYF,
,,D8S,
,,BLZ,
,,BK3,
,,BL1,
,,BL2,
,,BH8,
,,BL3,
,,BIO,
,,CR4,
,,DO6,
,,C61,
,,C2R,
,,C2L,
,,DRK,
,,C2M,
,,C2E,
,,DRG,
,,C2K,
,,DRI,
,,C0T,
,,C0F,
,,DT9,
,,C6Z,
,,C60,
,,C2U,
,,EXG,
,,C2W,
,,DGS,
,,C2V,
,,ATL,
,,ABR,
,,AJM,
,,ATK,
,,EF9,
,,EJY,
,,BD6,
,,FPZ,
,,BAS,
,,EUA,
,,D95,
,,5,
,,EOM,
,,D5Q,
,,FB7,
,,DMA,
,,D22,
,,CVG,
,,A8U,
,,A57,
,,AS4,
,,BIE,
,,BD8,
,,CQ6,
,,CTC,
,,A2O,
,,BLS,
,,AP8,
,,BMP,
,,BXV,
,,B2X,
,,B2Z,
,,ACV,
,,DAN,
,,DAO,
,,DAP,
,,DAQ,
,,DAR,
,,BIM,
,,AC3,
,,CB48,
,,COF,
,,979,
,,889,
,,AAG,
,,AAH,
,,AAJ,
,,BE1,
,,BE3,
,,BE5,
,,BE7,
,,BEZ,
,,CDZ,
,,C5590,
,,B9F,
,,DQP,
,,C0J,
,,C1P,
,,BE9,
,,BW,
,,C9,
,,E5,
,,A09,
,,BOE,
,,890,
,,BT6,
,,A4A,
,,A4E,
,,NAI,
,,B1M,
,,CX9,
,,DCJ,
,,AKG,
,,ABT,
,,BM4,
,,DAB,
,,C99,
,,CLD,
,,EID,
,,BKC,
,,E3V,
,,EXK,
,,953,
,,EWX,
,,CW7,
,,C97,
,,C92,
,,D9E,
,,DHW,
,,EM9,
,,EJK,
,,FJ9,
,,EOY,
,,EO0,
,,EO2,
,,EWO,
,,FJ7,
,,EOV,
,,EU7,
,,EWP,
,,EU9,
,,EWN,
,,FKB,
,,EOT,
,,EOP,
,,EOR,
,,FQF,
,,FN2,
,,FOC,
,,E22,
,,FNY,
,,FN0,
,,FQH,
,,ECD,
,,ECF,
,,EDC,
,,DTT,
,,FPD,
,,ECH,
,,ECN,
,,DS4,
,,CR6,
,,ECP,
,,DCG,
,,ECT,
,,ECJ,
,,ECL,
,,BPU,
,,BPT,
,,BLY,
,,BPV,
,,BPW,
,,BPX,
,,BP6,
,,BPY,
,,BPZ,
,,BCM,
,,BMH,
,,AZG,
,,C5920,
,,887,
,,AUD,
,,CE1,
,,963,
,,CHM,
,,CRC,
,,CI3,
,,841,
,,853,
,,C5,
,,EC7,
,,CC8,
,,EC5,
,,CDA,
,,END,
,,EDI,
,,CDI,
,,EB9,
,,CDB,
,,EB4,
,,CDC,
,,ENE,
,,EC4,
,,CDE,
,,B3E,
,,EAU,
,,ENA,
,,B3F,
,,ECA,
,,ETW,
,,ETU,
,,EDJ,
,,ETN,
,,EC6,
,,CDG,
,,ENK,
,,ECB,
,,ETY,
,,ENL,
,,ECZ,
,,CY3,
,,BYG,
,,EZR,
,,EZS,
,,E0U,
,,E0V,
,,EYV,
,,EYW,
,,EYY,
,,EYZ,
,,ENV,
,,ENX,
,,DEO,
,,DFN,
,,C8R,
,,CWD,
,,C5E,
,,C73,
,,EYS,
,,EYT,
,,EX2,
,,EX3,
,,EX0,
,,EXZ,
,,EZL,
,,EZM,
,,EZO,
,,EZP,
,,BGB,
,,DRS,
,,CHY,
,,960,
,,DMW,
,,CU2,
,,CCZ,
,,C12,
,,CZR,
,,DM0,
,,DMO,
,,CZL,
,,CZN,
,,DMY,
,,DMU,
,,CZP,
,,DMR,
,,EVB,
,,E2T,
,,BY4,
,,EC,
,,FC,
,,AOX,
,,D1U,
,,CO5,
,,A8F,
,,PAF,
,,CH8,
,,992,
,,938,
,,968,
,,970,
,,NAD,
,,AB7,
,,BR9,
,,BXG,
,,BR8,
,,DJ9,
,,FR8,
,,ABE,
,,BF4,
,,CLX,
,,CGM,
,,CGP,
,,CL1,
,,CDS,
,,CDP,
,,CDR,
,,CGK,
,,CLV,
,,CLZ,
,,816,
,,BPF,
,,AAT,
,,E63,
,,ERH,
,,BX,
,,BT7,
,,BT8,
,,CPE,
,,BPO,
,,EW2,
,,CF9,
,,D20,
,,D25,
,,EWI,
,,AEA,
,,F4,
,,EC3,
,,EC8,
,,EC1,
,,EMT,
,,A19,
,,A2A,
,,AXC,
,,C5120,
,,833,
,,A4,
,,U7,
,,COU,
,,E0P,
,,1,
,,EJI,
,,BO7,
,,D9V,
,,APC,
,,D9U,
,,AU7,
,,FRZ,
,,AOT,
,,E3X,
,,BO1,
,,FRU,
,,FRO,
,,BPB,
,,DDQ,
,,ETT,
,,A47,
,,A3I,
,,A48,
,,AAF,
,,A53,
,,B3A,
,,D48,
,,A38,
,,B4,
,,EF,
,,U2,
,,FMS,
,,AO,
,,B5W,
,,EY1,
,,973,
,,AC4,
,,AYQ,
,,NBT,
,,ADZ,
,,DTF,
,,CSB,
,,CU5,
,,BL6,
,,BL8,
,,CLA,
,,E4,
,,AZX,
,,NBN,
,,C6330,
,,BHO,
,,AE9,
,,C5960,
,,C0129,
,,B2,
,,A83,
,,FM,
,,D9Z,
,,DVU,
,,BGV,
,,BFK,
,,CVP,
,,BI4,
,,CVN,
,,BMG,
,,BJQ,
,,BEN,
,,COQ,
,,COP,
,,BFR,
,,CVL,
,,CQ9,
,,AFR,
,,AGO,
,,BQ,
,,EVE,
,,EVG,
,,EQC,
,,EQD,
,,EZJ,
,,928,
,,BCN,
,,BCO,
,,B1Z,
,,FMQ,
,,C6460,
,,C6461,
,,BYE,
,,BCP,
,,BCQ,
,,BYI,
,,BCR,
,,BCU,
,,BCT,
,,BCW,
,,BCS,
,,APQ,
,,D4L,
,,BQ4,
,,DRX,
,,D6Q,
,,CXM,
,,DRZ,
,,D6L,
,,CVJ,
,,DR3,
,,BRA,
,,DSA,
,,BRC,
,,DSC,
,,BRI,
,,DRM,
,,E9Y,
,,D6J,
,,D6N,
,,BRG,
,,DSI,
,,CVY,
,,DSM,
,,CNO,
,,DSK,
,,EQ4,
,,EQ6,
,,ERA,
,,EP1,
,,EQ8,
,,ERC,
,,EP3,
,,EGK,
,,EP9,
,,EQB,
,,ERJ,
,,ERE,
,,FG9,
,,DV4,
,,AS6,
,,CQI,
,,AQS,
,,AQV,
,,DWY,
,,DWR,
,,DW2,
,,DW0,
,,DWD,
,,DWJ,
,,DWP,
,,DUB,
,,FTU,
,,DWH,
,,DWU,
,,DWN,
,,DWB,
,,DWF,
,,BXP,
,,C4760,
,,C6170,
,,C6180,
,,BQS,
,,BKP,
,,906,
,,978,
,,ASK,
,,NAL,
,,A39,
,,929,
,,EHW,
,,PBW,
,,FM5,
,,AJ9,
,,ETS,
,,EHV,
,,AD9,
,,BF3,
,,FMC,
,,FL4,
,,FL2,
,,ACL,
,,ACN,
,,AHU,
,,AHV,
,,BD1,
,,BF2,
,,FLU,
,,C0100,
,,C0101,
,,FLY,
,,BP8,
,,FL6,
,,BDY,
,,FL7,
,,AOS,
,,BP2,
,,FL9,
,,FLW,
,,FMB,
,,BF0,
,,FME,
,,BUY,
,,FL0,
,,EK1,
,,CIR,
,,CIT,
,,DD0,
,,CBI,
,,DD2,
,,CIP,
,,CIV,
,,CDM,
,,DEA,
,,DCS,
,,CIX,
,,FT0,
,,DCW,
,,C77,
,,DPO,
,,CRX,
,,B9R,
,,B9L,
,,C7W,
,,BXC,
,,E33,
,,C6T,
,,B0L,
,,E35,
,,BXA,
,,E31,
,,A2Q,
,,AQ1,
,,BW7,
,,DA2,
,,ET8,
,,C5I,
,,C6R,
,,E3Z,
,,BXE,
,,C63,
,,E37,
,,C6N,
,,B9A,
,,B9E,
,,B9C,
,,FR6,
,,831,
,,904,
,,AZ6,
,,NAO,
,,EKO,
,,AZY,
,,NAW,
,,C5710,
,,CD1,
,,AJN,
,,CB,
,,FKM,
,,DZF,
,,FLP,
,,FLQ,
,,COJ,
,,FKP,
,,COK,
,,B84,
,,CHE,
,,FFP,
,,B80,
,,CG8,
,,CG7,
,,B8Y,
,,CHA,
,,FLN,
,,FN6,
,,B86,
,,CHC,
,,CHB,
,,BVF,
,,CCQ,
,,CJV,
,,BVH,
,,CCS,
,,FFQ,
,,C79,
,,FLO,
,,B8W,
,,CHJ,
,,CVH,
,,CHI,
,,FPA,
,,B82,
,,CHG,
,,CHF,
,,C8B,
,,C8A,
,,893,
,,AZ5,
,,AED,
,,MAF,
,,AC9,
,,E7M,
,,ET6,
,,EXW,
,,ETD,
,,FRC,
,,E60,
,,E7C,
,,FB2,
,,B4J,
,,ET4,
,,E6E,
,,AW,
,,E8,
,,ACW,
,,AQ3,
,,A1N,
,,A8T,
,,DTD,
,,BJ7,
,,AAP,
,,AAQ,
,,DUR,
,,AKU,
,,AEP,
,,AOR,
,,DLP,
,,818,
,,AQQ,
,,BCY,
,,APK,
,,DH,
,,ECY,
,,FIL,
,,BFV,
,,BVR,
,,A5C,
,,BKE,
,,CQJ,
,,E8T,
,,C4350,
,,BAY,
,,CE5,
,,926,
,,AZF,
,,NAV,
,,ADP,
,,DW9,
,,EGM,
,,DX7,
,,DEW,
,,DB9,
,,DJH,
,,DB3,
,,CZJ,
,,DKX,
,,AKW,
,,D5I,
,,D5K,
,,D5M,
,,A55,
,,BWT,
,,BWV,
,,C3A,
,,CM5,
,,962,
,,EWV,
,,DEU,
,,C5410,
,,EXC,
,,EXE,
,,E5R,
,,E5V,
,,E6Y,
,,E5Z,
,,E5T,
,,E7G,
,,FIP,
,,E67,
,,ETF,
,,E5X,
,,ASX,
,,BO3,
,,C5860,
,,A8M,
,,A8N,
,,PBF,
,,A15,
,,E9J,
,,DKG,
,,C5980,
,,C4M,
,,DO7,
,,DM4,
,,DPS,
,,DM6,
,,CZD,
,,DM8,
,,CYH,
,,DEC,
,,C0,
,,CG1,
,,FIW,
,,CK1,
,,ANS,
,,DSR,
,,A1L,
,,D9L,
,,814,
,,ACR,
,,BFP,
,,ERM,
,,FM3,
,,EGB,
,,AQB,
,,C5640,
,,939,
,,882,
,,ADG,
,,AEQ,
,,CC,
,,CP,
,,CQ,
,,CR,
,,BQD,
,,C1130,
,,924,
,,855,
,,870,
,,EWR,
,,E6U,
,,E9L,
,,998,
,,AIP,
,,AKQ,
,,AO3,
,,ASJ,
,,ATA,
,,DK2,
,,DZ1,
,,EVL,
,,A3V,
,,A5Q,
,,AIH,
,,AQU,
,,ARZ,
,,AIS,
,,AKL,
,,AO4,
,,AS7,
,,ASM,
,,CXN,
,,DK3,
,,DZ2,
,,A4F,
,,A5D,
,,ADJ,
,,AI1,
,,AQT,
,,ARP,
,,AZ7,
,,AD4,
,,AEM,
,,AEU,
,,AHR,
,,AI0,
,,AO1,
,,AR0,
,,DK4,
,,DZ3,
,,A5R,
,,AC6,
,,AD3,
,,AEN,
,,AET,
,,AHQ,
,,AIV,
,,ALV,
,,AOD,
,,AOP,
,,AQ9,
,,AKR,
,,AO8,
,,ARH,
,,ATI,
,,C1D,
,,DK6,
,,DZ4,
,,A5F,
,,AOK,
,,ARJ,
,,ARO,
,,AIR,
,,AKS,
,,AQH,
,,ARN,
,,ATC,
,,DK8,
,,DZ5,
,,A5N,
,,AF8,
,,AIG,
,,ARC,
,,AUH,
,,A3T,
,,AIT,
,,AKM,
,,AO5,
,,ARG,
,,C1B,
,,DK5,
,,DZ6,
,,A0A,
,,A51,
,,A5B,
,,ADF,
,,AIN,
,,ALX,
,,AQE,
,,ARM,
,,AD8,
,,AEE,
,,AES,
,,AHT,
,,AIK,
,,ANQ,
,,AO7,
,,ARA,
,,ARB,
,,C1C,
,,DKP,
,,DLH,
,,DZG,
,,EQL,
,,A5P,
,,AC7,
,,AD6,
,,AD7,
,,ADE,
,,ADH,
,,AEF,
,,AER,
,,AEV,
,,AHS,
,,AIJ,
,,AJ4,
,,AJ5,
,,AJ6,
,,AJ7,
,,AL7,
,,ALW,
,,ANP,
,,AOV,
,,AQW,
,,AIQ,
,,AKN,
,,AQD,
,,ARF,
,,ATD,
,,DP2,
,,DZ7,
,,AF4,
,,AIL,
,,ARI,
,,AIO,
,,AKH,
,,AKO,
,,AO0,
,,AQ5,
,,ARE,
,,DK7,
,,DZ8,
,,AIM,
,,AOJ,
,,ARR,
,,ATE,
,,AZ9,
,,A5A,
,,AID,
,,AKT,
,,AO2,
,,ARD,
,,DLG,
,,DZ9,
,,A3X,
,,A5M,
,,AIX,
,,AO6,
,,AOC,
,,AOE,
,,ASN,
,,AZV,
,,A4V,
,,AIW,
,,AKP,
,,AQC,
,,ASB,
,,C1E,
,,D0A,
,,DK9,
,,A5O,
,,AIU,
,,AR3,
,,ATM,
,,AZP,
,,AAV,
,,AF,
,,AG,
,,B3,
,,B5,
,,CI,
,,CK,
,,CT,
,,E3,
,,EG,
,,F5,
,,FH,
,,DK1,
,,D1E,
,,B8P,
,,FN5,
,,D1C,
,,FPL,
,,A9H,
,,BMU,
,,PAY,
,,CRV,
,,FKZ,
,,D0I,
,,CK9,
,,AC,
,,BC,
,,D9,
,,899,
,,995,
,,948,
,,E8C,
,,914,
,,AEZ,
,,PAV,
,,871,
,,884,
,,FIM,
,,PBX,
,,BSE,
,,BQ2,
,,875,
,,FGV,
,,FGT,
,,FHK,
,,FHM,
,,FGF,
,,FHO,
,,FGX,
,,FJH,
,,FGR,
,,FGN,
,,FGP,
,,CB45,
,,BEK,
,,BEL,
,,C80,
,,FBC,
,,EA3,
,,CQC,
,,D9C,
,,DSV,
,,DZR,
,,EBA,
,,FA2,
,,EA5,
,,BNM,
,,CAM,
,,CPV,
,,D35,
,,D69,
,,D6A,
,,D85,
,,D9M,
,,DPQ,
,,DVP,
,,DWW,
,,EBR,
,,EFC,
,,EKG,
,,ETQ,
,,EA7,
,,FA3,
,,EA9,
,,B0N,
,,BUM,
,,BXK,
,,C2P,
,,CO2,
,,CO7,
,,CR1,
,,CRL,
,,CUM,
,,CYN,
,,D13,
,,D28,
,,D59,
,,D5N,
,,D6O,
,,D7A,
,,D88,
,,D8J,
,,D9B,
,,DCA,
,,DF2,
,,DM2,
,,DNT,
,,DP7,
,,DQR,
,,DS0,
,,EGP,
,,EM1,
,,EQ2,
,,FA4,
,,EBI,
,,C0O,
,,CT6,
,,D0E,
,,DP6,
,,DS1,
,,EE9,
,,C6Y,
,,FA5,
,,EBG,
,,BX5,
,,CAL,
,,CNH,
,,CTM,
,,CYY,
,,D16,
,,D4A,
,,D4B,
,,D52,
,,DCK,
,,DLI,
,,DO2,
,,DP5,
,,DW6,
,,ECU,
,,EFA,
,,EPT,
,,EQE,
,,ERP,
,,FA6,
,,EBC,
,,BX4,
,,BZ6,
,,C0N,
,,C6B,
,,CBL,
,,CF3,
,,CNM,
,,CNU,
,,CO6,
,,CRK,
,,CUL,
,,CYQ,
,,D15,
,,D6U,
,,D86,
,,DKE,
,,DNR,
,,DRE,
,,DSZ,
,,DW3,
,,DY8,
,,DZU,
,,EG8,
,,EKS,
,,EM6,
,,EMW,
,,C75,
,,FBB,
,,D8F,
,,E2A,
,,B3B,
,,B42,
,,BEX,
,,BH4,
,,BUL,
,,BXL,
,,BXM,
,,BZY,
,,C37,
,,C5C,
,,CG2,
,,CKR,
,,CNC,
,,CND,
,,CQ7,
,,CQN,
,,CSM,
,,CUK,
,,CYA,
,,D1M,
,,D5Y,
,,D7B,
,,D8G,
,,D9A,
,,DMD,
,,DNS,
,,DNZ,
,,DSW,
,,DVY,
,,EAP,
,,EGO,
,,EJE,
,,EKT,
,,EKU,
,,ERR,
,,C71,
,,FA7,
,,EBE,
,,B0M,
,,BMM,
,,C40,
,,CO3,
,,CR3,
,,CYM,
,,D23,
,,D57,
,,D58,
,,D89,
,,D8I,
,,D8Q,
,,DAE,
,,DP9,
,,DSX,
,,DT4,
,,DW4,
,,EFB,
,,EQF,
,,ERO,
,,ETP,
,,FA8,
,,EBO,
,,B14,
,,B5J,
,,CN9,
,,CRM,
,,CRY,
,,CSE,
,,D5Z,
,,D68,
,,D8H,
,,DME,
,,DW5,
,,EKH,
,,ENM,
,,ERN,
,,FA9,
,,EBK,
,,CBM,
,,CG6,
,,COS,
,,CRZ,
,,CTN,
,,CUN,
,,D1Q,
,,D39,
,,D40,
,,D5V,
,,D67,
,,D84,
,,D8D,
,,DM1,
,,DP4,
,,DPT,
,,DSY,
,,DXX,
,,EE8,
,,EMZ,
,,ENP,
,,ERQ,
,,BZ5,
,,C74,
,,CBQ,
,,CR2,
,,D38,
,,D87,
,,DVQ,
,,DZ0,
,,E1D,
,,E1I,
,,E1N,
,,E74,
,,E75,
,,EG9,
,,EGN,
,,EKF,
,,EWY,
,,FB0,
,,FPP,
,,FQO,
,,FWG,
,,FBA,
,,EBM,
,,C56,
,,CE3,
,,CPW,
,,CSF,
,,D66,
,,DP8,
,,DSU,
,,DW7,
,,EBS,
,,EF7,
,,BXS,
,,D2Y,
,,DXZ,
,,902,
,,D9T,
,,DV2,
,,EPJ,
,,EPK,
,,EVA,
,,A89,
,,PBQ,
,,AY7,
,,DLD,
,,E1Z,
,,EME,
,,E1U,
,,ELQ,
,,E1V,
,,ELS,
,,E1S,
,,ELM,
,,E10,
,,EMG,
,,E11,
,,EMK,
,,E2H,
,,ELK,
,,E13,
,,EMM,
,,E1T,
,,ELO,
,,E12,
,,EMI,
,,E1W,
,,ELU,
,,E1Y,
,,ELY,
,,E1X,
,,ELW,
,,E6I,
,,E58,
,,E6O,
,,E6G,
,,E6M,
,,E6C,
,,E6K,
,,FCY,
,,FC0,
,,FDE,
,,E6A,
,,E6S,
,,DBS,
,,CCD,
,,CCE,
,,CCF,
,,A5,
,,AR,
,,BIK,
,,BS,
,,FZ,
,,13,
,,14,
,,BIF,
,,DJ5,
,,EUD,
,,CKV,
,,A4G,
,,A2S,
,,A2H,
,,E1,
,,NAZ,
,,811,
,,959,
,,B65,
,,CB7,
,,CBB,
,,CCH,
,,CEF,
,,CLG,
,,FLF,
,,C9T,
,,FBX,
,,CAK,
,,C4Z,
,,B4P,
,,BN7,
,,C4V,
,,C4X,
,,CIF,
,,DY4,
,,C82,
,,C9S,
,,DY2,
,,C2J,
,,BB,
,,BMJ,
,,BDF,
,,BTE,
,,A9M,
,,A9N,
,,BTH,
,,BT1,
,,A9T,
,,A9U,
,,BTQ,
,,BUD,
,,BTP,
,,BTI,
,,A9V,
,,A9W,
,,BUE,
,,CJ7,
,,BTJ,
,,A90,
,,A9Z,
,,BTR,
,,A9O,
,,A9P,
,,BUB,
,,BTL,
,,BTS,
,,A91,
,,A92,
,,CJ8,
,,EZH,
,,BCV,
,,BAG,
,,BAH,
,,BAL,
,,BUC,
,,CKE,
,,A94,
,,A95,
,,CJ6,
,,BAA,
,,BAB,
,,BTT,
,,BAC,
,,BAD,
,,BTU,
,,BTF,
,,CER,
,,EZI,
,,BTG,
,,BAE,
,,BAF,
,,BTV,
,,ACQ,
,,AK6,
,,BL,
,,ED,
,,01U,
,,02T,
,,AGX,
,,AS3,
,,B2A,
,,U9,
,,C4260,
,,C4370,
,,CLT,
,,A6,
,,BF9,
,,BF6,
,,BBR,
,,DT1,
,,E9S,
,,BMV,
,,DNH,
,,BOV,
,,DNM,
,,DNJ,
,,BOW,
,,BOU,
,,EAW,
,,BOS,
,,BOT,
,,BOR,
,,EM8,
,,FPT,
,,BM7,
,,BM6,
,,CD,
,,AV,
,,B9,
,,FB,
,,AO9,
,,C1570,
,,944,
,,A1P,
,,CB63,
,,BHR,
,,BPI,
,,BHH,
,,C1L,
,,BVC,
,,DDO,
,,DXD,
,,994,
,,AZN,
,,CTF,
,,CTH,
,,C3H,
,,CTA,
,,C3L,
,,CTR,
,,CTJ,
,,CWF,
,,CUU,
,,CTP,
,,CVD,
,,DRC,
,,C3F,
,,CTT,
,,CMX,
,,CNR,
,,CQ3,
,,A0Q,
,,ETJ,
,,DV0,
,,FMG,
,,AQ8,
,,B4N,
,,C0800,
,,A4C,
,,A4K,
,,C4120,
,,AZR,
,,EF3,
,,D1L,
,,977,
,,BW2,
,,494,
,,CW9,
,,937,
,,BCD,
,,BOO,
,,D45,
,,FAX,
,,D0G,
,,BX7,
,,CA7,
,,BM3,
,,CP6,
,,BQH,
,,BUO,
,,B7V,
,,B7T,
,,EAK,
,,B7R,
,,EAB,
,,B7P,
,,B7M,
,,B7I,
,,CT8,
,,B61,
,,B1L,
,,B7K,
,,ENT,
,,EAE,
,,D99,
,,D5X,
,,A2J,
,,B7E,
,,A21,
,,BSJ,
,,A24,
,,CG4,
,,EDA,
,,EXO,
,,BN9,
,,BOB,
,,BOI,
,,B5Y,
,,BN6,
,,BOK,
,,AT0,
,,BL4,
,,CXY,
,,BV0,
,,C0V,
,,BOG,
,,B44,
,,CZF,
,,DXJ,
,,DXE,
,,DXG,
,,DXF,
,,DXI,
,,DQN,
,,DXH,
,,DX2,
,,936,
,,DF,
,,FFK,
,,FFM,
,,FFO,
,,BH5,
,,BZ,
,,CL,
,,BH6,
,,AZZ,
,,NAJ,
,,BNK,
,,BNL,
,,RAB,
,,CM1,
,,AHD,
,,DCQ,
,,DCL,
,,CGG,
,,CEH,
,,CEN,
,,CFC,
,,AGE,
,,B5X,
,,BGF,
,,DUC,
,,FIQ,
,,A3,
,,DE,
,,941,
,,PAX,
,,AAD,
,,BOQ,
,,A2M,
,,PBJ,
,,ADO,
,,AR8,
,,AFW,
,,ADR,
,,AFX,
,,APR,
,,ANO,
,,D5U,
,,A2,
,,BV,
,,CW,
,,FG,
,,DGX,
,,AJP,
,,AJQ,
,,AJR,
,,AJS,
,,AJT,
,,AKC,
,,AQN,
,,ATQ,
,,BAU,
,,BKA,
,,BUS,
,,DFQ,
,,DFR,
,,FEA,
,,DGZ,
,,BET,
,,DHT,
,,A87,
,,A93,
,,AC0,
,,DG1,
,,BFH,
,,DHR,
,,A81,
,,ACC,
,,AF0,
,,AF1,
,,AGP,
,,AMH,
,,AQK,
,,B5G,
,,BJK,
,,E1F,
,,EIE,
,,DHD,
,,A98,
,,A9A,
,,ACZ,
,,AIY,
,,A1A,
,,A1B,
,,A1C,
,,A1E,
,,A1G,
,,A1I,
,,A1M,
,,AHI,
,,AHJ,
,,AHK,
,,AOM,
,,AY3,
,,AY4,
,,DHU,
,,A96,
,,A9C,
,,ACG,
,,AG3,
,,AHY,
,,AMN,
,,A1Q,
,,A1R,
,,A1T,
,,DHN,
,,AC1,
,,AIZ,
,,AMT,
,,DHO,
,,A9B,
,,DHP,
,,AEB,
,,BER,
,,DHQ,
,,BFN,
,,D4T,
,,DHS,
,,BES,
,,AI7,
,,AI8,
,,AI4,
,,AI6,
,,B03,
,,BI2,
,,AI9,
,,AMC,
,,ANL,
,,ANJ,
,,CBF,
,,B3R,
,,5240,
,,C5240,
,,AP9,
,,AOZ,
,,ANN,
,,ANM,
,,DLR,
,,DDC,
,,DDG,
,,DC8,
,,DL3,
,,DLV,
,,DDK,
,,DMC,
,,DDI,
,,DLT,
,,DDE,
,,DC6,
,,DDA,
,,AG6,
,,COI,
,,DDT,
,,AA1,
,,DTK,
,,EHD,
,,BUR,
,,DB7,
,,DB5,
,,A0E,
,,A0P,
,,PAO,
,,900,
,,AY6,
,,FRW,
,,C6070,
,,A2K,
,,EH7,
,,A8V,
,,DJY,
,,DKT,
,,DLL,
,,DKV,
,,C1J,
,,BJ3,
,,BSZ,
,,CYX,
,,BHW,
,,CKM,
,,BFF,
,,BP9,
,,E4E,
,,BFG,
,,BFX,
,,C2X,
,,C43,
,,CWG,
,,918,
,,AZB,
,,BVS,
,,EAO,
,,EQ1,
,,ETO,
,,B1R,
,,AAN,
,,EAC,
,,ACX,
,,BSQ,
,,DE4,
,,DE5,
,,DE6,
,,DE7,
,,DE8,
,,DE9,
,,DGG,
,,D6R,
,,DGI,
,,852,
,,C4680,
,,BWN,
,,BWP,
,,BV4,
,,BWR,
,,D6Y,
,,DEE,
,,DYC,
,,DX5,
,,824,
,,A5G,
,,BNA,
,,CF,
,,PBD,
,,DZZ,
,,FEB,
,,APX,
,,C5550,
,,SIC55,
,,ADN,
,,974,
,,AG4,
,,BAQ,
,,B3D,
,,A2Y,
,,BON,
,,DYS,
,,E26,
,,B1U,
,,DYG,
,,E28,
,,B1V,
,,DYE,
,,E3S,
,,BPC,
,,DY9,
,,DYW,
,,E3E,
,,FLH,
,,B1W,
,,CDT,
,,E3A,
,,BOZ,
,,DYO,
,,E3M,
,,B1X,
,,DLM,
,,DTU,
,,DYU,
,,E3C,
,,B1Y,
,,CDU,
,,DLN,
,,920,
,,BP0,
,,B37,
,,DYQ,
,,E3U,
,,FLJ,
,,B1N,
,,B1T,
,,B25,
,,B2L,
,,BW0,
,,CC2,
,,CG5,
,,D9P,
,,DBT,
,,DJ3,
,,DYK,
,,E3G,
,,B1S,
,,BQZ,
,,DYM,
,,E3I,
,,FLG,
,,CYW,
,,BQ0,
,,D97,
,,DYI,
,,E3K,
,,D96,
,,DLO,
,,E3O,
,,FLI,
,,DYY,
,,E3Q,
,,CFE,
,,966,
,,BSS,
,,EVK,
,,901,
,,DD4,
,,FBF,
,,C6640,
,,DT8,
,,A2C,
,,C6450,
,,BK6,
,,CKT,
,,COR,
,,EQJ,
,,ETB,
,,DGP,
,,DPM,
,,FQD,
,,CZ6,
,,D0D,
,,E2X,
,,FRA,
,,D18,
,,ELA,
,,C7S,
,,EK6,
,,DVS,
,,EK9,
,,C7Q,
,,EK4,
,,D2A,
,,ELB,
,,C7U,
,,EK7,
,,C7O,
,,EK3,
,,C7M,
,,EK2,
,,DLF,
,,EK5,
,,DVL,
,,EK8,
,,D2C,
,,ELC,
,,ENC,
,,ENH,
,,D2E,
,,ELD,
,,A0O,
,,CJC,
,,CJD,
,,CJG,
,,CJH,
,,CZT,
,,CZV,
,,BMR,
,,BMS,
,,CZ1,
,,CZ3,
,,CJJ,
,,CJK,
,,CJM,
,,CJN,
,,A0N,
,,BMC,
,,FPC,
,,ASL,
,,CUC,
,,CUD,
,,CUF,
,,CUG,
,,CJP,
,,CJQ,
,,CZX,
,,CZZ,
,,CUI,
,,CUJ,
,,EAI,
,,D71,
,,DJ2,
,,BG,
,,BHS,
,,BTC,
,,834,
,,AUR,
,,C5610,
,,DUJ,
,,DUN,
,,DUP,
,,C1N,
,,DUL,
,,DUH,
,,DCU,
,,ERK,
,,DNP,
,,CI7,
,,876,
,,ATH,
,,BDD,
,,ATF,
,,ATG,
,,C5940,
,,D1P,
,,DGL,
,,FRI,
,,FKH,
,,DQD,
,,FKJ,
,,FKF,
,,FKD,
,,DLB,
,,DLA,
,,DJB,
,,CD4,
,,E7E,
,,EPM,
,,910,
,,961,
,,964,
,,NAN,
,,E1Q,
,,FR4,
,,DR5,
,,860,
,,874,
,,BQJ,
,,C5S,
,,C5Y,
,,CXR,
,,C5Q,
,,CXP,
,,C5U,
,,C5W,
,,BWJ,
,,C2350,
,,A11,
,,858,
,,CF7,
,,951,
,,EDT,
,,E4B,
,,E18,
,,FBZ,
,,EVN,
,,FOA,
,,FIY,
,,863,
,,A0C,
,,DGC,
,,C4380,
,,NBK,
,,E7X,
,,ES1,
,,ESZ,
,,E7R,
,,ESB,
,,ESD,
,,E7V,
,,ESR,
,,EST,
,,E7P,
,,ER3,
,,ER5,
,,E7O,
,,ER1,
,,ERZ,
,,E7Y,
,,ES3,
,,ES5,
,,E7T,
,,ESJ,
,,ESL,
,,E7N,
,,EB6,
,,EBQ,
,,E7S,
,,ESF,
,,ESH,
,,E7W,
,,ESV,
,,ESX,
,,E8H,
,,ESN,
,,ESP,
,,E7Z,
,,ES7,
,,ES9,
,,E7Q,
,,ER7,
,,ER9,
,,D0X,
,,D0Y,
,,D2N,
,,EOI,
,,EUY,
,,EUZ,
,,D0T,
,,D0U,
,,D2K,
,,EOA,
,,EUM,
,,EUN,
,,D09,
,,D1A,
,,D2G,
,,EOG,
,,EUU,
,,EUV,
,,D0L,
,,D0M,
,,D2P,
,,EN8,
,,EUI,
,,EUJ,
,,D0Z,
,,D00,
,,D2J,
,,EN7,
,,EUG,
,,EUH,
,,D03,
,,D04,
,,D2H,
,,EOJ,
,,EU1,
,,EU2,
,,D0N,
,,D0O,
,,D2O,
,,D51,
,,EOD,
,,EOE,
,,EUQ,
,,EUR,
,,D0J,
,,D63,
,,D0K,
,,D2Q,
,,D65,
,,EDX,
,,EN6,
,,EUE,
,,EUF,
,,D01,
,,D02,
,,D2I,
,,EOC,
,,EUO,
,,EUP,
,,D0R,
,,D0S,
,,D2L,
,,EOH,
,,EUW,
,,EUX,
,,D0P,
,,D0Q,
,,D2M,
,,EOF,
,,EUS,
,,EUT,
,,EHB,
,,EOK,
,,EU3,
,,EU4,
,,D0V,
,,D0W,
,,D2F,
,,EN9,
,,EUK,
,,EUL,
,,CKB,
,,B24,
,,ACJ,
,,ACP,
,,FT7,
,,ACT,
,,ACU,
,,ACM,
,,FSG,
